{"cameraMode":{"drawMode":0,"name":"Shaded","section":"Shading Mode"},"sceneLighting":true,"audioPlay":false,"sceneViewState":{"showFog":false,"showMaterialUpdate":false,"showSkybox":false,"showFlares":false,"showImageEffects":false,"showParticleSystems":false},"in2DMode":false,"pivot":{"x":0.0,"y":0.0145999975502491,"z":0.004000000189989805},"rotation":{"x":0.20459231734275819,"y":0.043472908437252048,"z":-0.015027012676000595,"w":0.9784194827079773},"size":0.2060500979423523,"orthographic":true}