{"cameraMode":{"drawMode":0,"name":"Shaded","section":"Shading Mode"},"sceneLighting":true,"audioPlay":false,"sceneViewState":{"showFog":false,"showMaterialUpdate":false,"showSkybox":false,"showFlares":false,"showImageEffects":false,"showParticleSystems":false},"in2DMode":false,"pivot":{"x":-5.327000141143799,"y":1.4619998931884766,"z":7.396999359130859},"rotation":{"x":-0.3778812289237976,"y":0.19775110483169557,"z":-0.08200116455554962,"w":-0.9010948538780212},"size":7.398416042327881,"orthographic":true}