{"cameraMode":{"drawMode":0,"name":"Shaded","section":"Shading Mode"},"sceneLighting":true,"audioPlay":false,"sceneViewState":{"showFog":false,"showMaterialUpdate":false,"showSkybox":false,"showFlares":false,"showImageEffects":false,"showParticleSystems":false},"in2DMode":false,"pivot":{"x":2.81231689453125,"y":1.03515625,"z":0.48486328125},"rotation":{"x":-0.5044985413551331,"y":-0.06385389715433121,"z":0.04008682817220688,"w":-0.8605945706367493},"size":17.866226196289064,"orthographic":true}