{"cameraMode":{"drawMode":0,"name":"Shaded","section":"Shading Mode"},"sceneLighting":true,"audioPlay":false,"sceneViewState":{"showFog":false,"showMaterialUpdate":false,"showSkybox":false,"showFlares":false,"showImageEffects":false,"showParticleSystems":false},"in2DMode":false,"pivot":{"x":-9.800000190734864,"y":0.7138001918792725,"z":-3.200000047683716},"rotation":{"x":0.20212461054325105,"y":-0.7550618052482605,"z":0.5613679885864258,"w":0.27186447381973269},"size":21.68054962158203,"orthographic":false}