{"cameraMode":{"drawMode":0,"name":"Shaded","section":"Shading Mode"},"sceneLighting":true,"audioPlay":false,"sceneViewState":{"showFog":false,"showMaterialUpdate":false,"showSkybox":false,"showFlares":false,"showImageEffects":false,"showParticleSystems":false},"in2DMode":false,"pivot":{"x":2.81231689453125,"y":1.03515625,"z":0.48486328125},"rotation":{"x":-0.615161120891571,"y":-0.01082379836589098,"z":0.011169366538524628,"w":-0.7887654900550842},"size":13.747238159179688,"orthographic":true}