{"cameraMode":{"drawMode":0,"name":"Shaded","section":"Shading Mode"},"sceneLighting":true,"audioPlay":false,"sceneViewState":{"showFog":false,"showMaterialUpdate":false,"showSkybox":false,"showFlares":false,"showImageEffects":false,"showParticleSystems":false},"in2DMode":false,"pivot":{"x":3.5579833984375,"y":7.7138671875,"z":-4.613983154296875},"rotation":{"x":-0.4663080871105194,"y":0.5391126275062561,"z":-0.5015932321548462,"w":-0.491349995136261},"size":7.088117599487305,"orthographic":true}