{"cameraMode":{"drawMode":0,"name":"Shaded","section":"Shading Mode"},"sceneLighting":true,"audioPlay":false,"sceneViewState":{"showFog":false,"showMaterialUpdate":false,"showSkybox":false,"showFlares":false,"showImageEffects":false,"showParticleSystems":false},"in2DMode":false,"pivot":{"x":-14.285917282104493,"y":1.0750808715820313,"z":-0.11408281326293946},"rotation":{"x":0.5996004939079285,"y":-0.033487919718027118,"z":0.019336877390742303,"w":0.8001740574836731},"size":4.962961196899414,"orthographic":true}