{"cameraMode":{"drawMode":0,"name":"Shaded","section":"Shading Mode"},"sceneLighting":true,"audioPlay":false,"sceneViewState":{"showFog":false,"showMaterialUpdate":false,"showSkybox":false,"showFlares":false,"showImageEffects":false,"showParticleSystems":false},"in2DMode":false,"pivot":{"x":-13.04883861541748,"y":7.840880393981934,"z":8.071637153625489},"rotation":{"x":-0.037441186606884,"y":-0.9519210457801819,"z":0.27238768339157107,"w":-0.13848458230495454},"size":3.441476821899414,"orthographic":true}