{"cameraMode":{"drawMode":0,"name":"Shaded","section":"Shading Mode"},"sceneLighting":true,"audioPlay":false,"sceneViewState":{"showFog":false,"showMaterialUpdate":false,"showSkybox":false,"showFlares":false,"showImageEffects":false,"showParticleSystems":false},"in2DMode":false,"pivot":{"x":-15.15302848815918,"y":0.9990962743759155,"z":0.10205316543579102},"rotation":{"x":0.04645900800824165,"y":-0.3786719739437103,"z":0.019506307318806649,"w":0.9243696331977844},"size":3.4966189861297609,"orthographic":true}