{"cameraMode":{"drawMode":0,"name":"Shaded","section":"Shading Mode"},"sceneLighting":true,"audioPlay":false,"sceneViewState":{"showFog":false,"showMaterialUpdate":false,"showSkybox":false,"showFlares":false,"showImageEffects":false,"showParticleSystems":false},"in2DMode":false,"pivot":{"x":-9.800000190734864,"y":0.7141001224517822,"z":-3.1706998348236086},"rotation":{"x":0.010496493428945542,"y":-0.9784107208251953,"z":0.20476603507995606,"w":0.03930298984050751},"size":3.420612335205078,"orthographic":true}