{"cameraMode":{"drawMode":0,"name":"Shaded","section":"Shading Mode"},"sceneLighting":true,"audioPlay":false,"sceneViewState":{"showFog":false,"showMaterialUpdate":false,"showSkybox":false,"showFlares":false,"showImageEffects":false,"showParticleSystems":false},"in2DMode":false,"pivot":{"x":-14.285917282104493,"y":1.0750808715820313,"z":-0.11408281326293946},"rotation":{"x":0.4075063169002533,"y":-0.5547497868537903,"z":0.3457510769367218,"w":0.6387016177177429},"size":4.962961196899414,"orthographic":true}