{"cameraMode":{"drawMode":0,"name":"Shaded","section":"Shading Mode"},"sceneLighting":true,"audioPlay":false,"sceneViewState":{"showFog":false,"showMaterialUpdate":false,"showSkybox":false,"showFlares":false,"showImageEffects":false,"showParticleSystems":false},"in2DMode":false,"pivot":{"x":-9.489999771118164,"y":0.012189997360110283,"z":-1.3960000276565552},"rotation":{"x":-0.2057417333126068,"y":-0.7641561627388,"z":0.30771875381469729,"w":-0.5294368267059326},"size":2.5931215286254885,"orthographic":true}