{"cameraMode":{"drawMode":0,"name":"Shaded","section":"Shading Mode"},"sceneLighting":true,"audioPlay":false,"sceneViewState":{"showFog":false,"showMaterialUpdate":false,"showSkybox":false,"showFlares":false,"showImageEffects":false,"showParticleSystems":false},"in2DMode":false,"pivot":{"x":2.81231689453125,"y":1.03515625,"z":0.48486328125},"rotation":{"x":-0.4169529974460602,"y":0.003263596212491393,"z":0.0008755488088354468,"w":-0.9093726277351379},"size":18.70808982849121,"orthographic":true}