{"cameraMode":{"drawMode":0,"name":"Shaded","section":"Shading Mode"},"sceneLighting":true,"audioPlay":false,"sceneViewState":{"showFog":false,"showMaterialUpdate":false,"showSkybox":false,"showFlares":false,"showImageEffects":false,"showParticleSystems":false},"in2DMode":false,"pivot":{"x":2.81231689453125,"y":1.03515625,"z":0.48486328125},"rotation":{"x":-0.5468273758888245,"y":-0.010469063185155392,"z":0.00939515046775341,"w":-0.8376126885414124},"size":16.527301788330079,"orthographic":true}