{"cameraMode":{"drawMode":0,"name":"Shaded","section":"Shading Mode"},"sceneLighting":true,"audioPlay":false,"sceneViewState":{"showFog":true,"showMaterialUpdate":false,"showSkybox":false,"showFlares":true,"showImageEffects":true,"showParticleSystems":true},"in2DMode":false,"pivot":{"x":-0.24332427978515626,"y":2.258258819580078,"z":3.6497955322265627},"rotation":{"x":0.008012481965124607,"y":-0.9916977286338806,"z":0.07781898230314255,"w":0.10211265087127686},"size":139.91770935058595,"orthographic":false}