{"cameraMode":{"drawMode":0,"name":"Shaded","section":"Shading Mode"},"sceneLighting":true,"audioPlay":false,"sceneViewState":{"showFog":false,"showMaterialUpdate":false,"showSkybox":false,"showFlares":false,"showImageEffects":false,"showParticleSystems":false},"in2DMode":false,"pivot":{"x":-5.328200340270996,"y":1.6800001859664918,"z":7.216999053955078},"rotation":{"x":-0.31577208638191225,"y":0.07586263865232468,"z":-0.02200264111161232,"w":-0.9460744857788086},"size":20.20439910888672,"orthographic":true}