{"cameraMode":{"drawMode":0,"name":"Shaded","section":"Shading Mode"},"sceneLighting":false,"audioPlay":false,"sceneViewState":{"showFog":true,"showMaterialUpdate":false,"showSkybox":false,"showFlares":true,"showImageEffects":true,"showParticleSystems":true},"in2DMode":false,"pivot":{"x":0.05150789022445679,"y":0.4871271848678589,"z":0.03717684745788574},"rotation":{"x":0.0002474529028404504,"y":0.9994276165962219,"z":-0.03299311175942421,"w":0.00749584287405014},"size":3.4414780139923097,"orthographic":false}