{"cameraMode":{"drawMode":0,"name":"Shaded","section":"Shading Mode"},"sceneLighting":true,"audioPlay":false,"sceneViewState":{"showFog":false,"showMaterialUpdate":false,"showSkybox":false,"showFlares":false,"showImageEffects":false,"showParticleSystems":false},"in2DMode":false,"pivot":{"x":-7.71435546875,"y":0.3466796875,"z":2.9308338165283205},"rotation":{"x":-0.3832941949367523,"y":0.061398688703775409,"z":-0.022939294576644899,"w":-0.9218209385871887},"size":4.919993877410889,"orthographic":true}