{"cameraMode":{"drawMode":0,"name":"Shaded","section":"Shading Mode"},"sceneLighting":true,"audioPlay":false,"sceneViewState":{"showFog":false,"showMaterialUpdate":false,"showSkybox":false,"showFlares":false,"showImageEffects":false,"showParticleSystems":false},"in2DMode":false,"pivot":{"x":-5.328200340270996,"y":1.6800001859664918,"z":7.216999053955078},"rotation":{"x":-0.5727493762969971,"y":-0.02202233299612999,"z":0.019184134900569917,"w":-0.8198171257972717},"size":28.075349807739259,"orthographic":true}